"0","# Model for LDL"
"0","model_ldl <- lmer(ldl ~ current_age + vms_score + (1 | subject_id), data = longitudinal_data)"
"0","# Model for Triglycerides"
"0","model_tg <- lmer(triglycerides ~ current_age + vms_score + (1 | subject_id), data = longitudinal_data)"
"0",""
"0","# Extract and display fixed effects parameters concisely"
"0","summary(model_ldl)$coefficients"
"1","           "
"1","   Estimate"
"1"," Std. Error"
"1","  t value"
"1","
(Intercept)"
"1"," 99.2699126"
"1"," 2.08610572"
"1"," 47.58623"
"1","
current_age"
"1","  1.1181872"
"1"," 0.04149112"
"1"," 26.95004"
"1","
vms_score  "
"1","  0.2239526"
"1"," 0.00640292"
"1"," 34.97663"
"1","
"
"0","summary(model_tg)$coefficients"
"1","           "
"1","   Estimate"
"1"," Std. Error"
"1","  t value"
"1","
(Intercept)"
"1"," 109.579179"
"1"," 3.88397269"
"1"," 28.21317"
"1","
current_age"
"1","   1.509727"
"1"," 0.07705197"
"1"," 19.59363"
"1","
vms_score  "
"1","   0.455795"
"1"," 0.01221707"
"1"," 37.30805"
"1","
"
